YearQuarter,Country,ProductCategory,UnitsSold,MarketSharePercent
2018Q1,Germany,E-Series,17,6.0
2018Q1,Germany,Hybrid,14,5.0
2018Q1,Germany,AutonomousEV,2,1.0
2018Q1,Germany,LegacyDiesel,173,70.0
2018Q1,Germany,OtherCompetitor,56,18.0
2018Q1,France,E-Series,14,5.5
2018Q1,France,Hybrid,14,5.0
2018Q1,France,AutonomousEV,2,1.0
2018Q1,France,LegacyDiesel,169,70.0
2018Q1,France,OtherCompetitor,48,18.5
2018Q1,Poland,E-Series,8,4.0
2018Q1,Poland,Hybrid,11,5.0
2018Q1,Poland,AutonomousEV,2,1.0
2018Q1,Poland,LegacyDiesel,162,70.0
2018Q1,Poland,OtherCompetitor,48,20.0
2018Q1,Spain,E-Series,6,3.5
2018Q1,Spain,Hybrid,8,5.0
2018Q1,Spain,AutonomousEV,1,1.0
2018Q1,Spain,LegacyDiesel,140,70.0
2018Q1,Spain,OtherCompetitor,36,20.5
2018Q1,Italy,E-Series,7,4.0
2018Q1,Italy,Hybrid,9,5.0
2018Q1,Italy,AutonomousEV,2,1.0
2018Q1,Italy,LegacyDiesel,143,70.0
2018Q1,Italy,OtherCompetitor,37,20.0
2018Q1,Netherlands,E-Series,11,6.5
2018Q1,Netherlands,Hybrid,8,5.0
2018Q1,Netherlands,AutonomousEV,1,1.0
2018Q1,Netherlands,LegacyDiesel,142,70.0
2018Q1,Netherlands,OtherCompetitor,31,17.5
2018Q1,UnitedKingdom,E-Series,16,6.0
2018Q1,UnitedKingdom,Hybrid,13,5.0
2018Q1,UnitedKingdom,AutonomousEV,2,1.0
2018Q1,UnitedKingdom,LegacyDiesel,166,70.0
2018Q1,UnitedKingdom,OtherCompetitor,46,18.0
2018Q1,Sweden,E-Series,7,5.0
2018Q1,Sweden,Hybrid,8,5.0
2018Q1,Sweden,AutonomousEV,1,1.0
2018Q1,Sweden,LegacyDiesel,113,70.0
2018Q1,Sweden,OtherCompetitor,30,19.0
2018Q2,Germany,E-Series,21,6.62
2018Q2,Germany,Hybrid,18,5.15
2018Q2,Germany,AutonomousEV,3,1.1
2018Q2,Germany,LegacyDiesel,226,69.25
2018Q2,Germany,OtherCompetitor,53,17.88
2018Q2,France,E-Series,16,6.09
2018Q2,France,Hybrid,14,5.15
2018Q2,France,AutonomousEV,3,1.1
2018Q2,France,LegacyDiesel,206,69.25
2018Q2,France,OtherCompetitor,50,18.41
2018Q2,Poland,E-Series,11,4.5
2018Q2,Poland,Hybrid,12,5.15
2018Q2,Poland,AutonomousEV,2,1.1
2018Q2,Poland,LegacyDiesel,193,69.25
2018Q2,Poland,OtherCompetitor,52,20.0
2018Q2,Spain,E-Series,7,3.97
2018Q2,Spain,Hybrid,10,5.15
2018Q2,Spain,AutonomousEV,2,1.1
2018Q2,Spain,LegacyDiesel,127,69.25
2018Q2,Spain,OtherCompetitor,41,20.53
2018Q2,Italy,E-Series,9,4.5
2018Q2,Italy,Hybrid,10,5.15
2018Q2,Italy,AutonomousEV,2,1.1
2018Q2,Italy,LegacyDiesel,152,69.25
2018Q2,Italy,OtherCompetitor,42,20.0
2018Q2,Netherlands,E-Series,14,7.15
2018Q2,Netherlands,Hybrid,11,5.15
2018Q2,Netherlands,AutonomousEV,2,1.1
2018Q2,Netherlands,LegacyDiesel,160,69.25
2018Q2,Netherlands,OtherCompetitor,34,17.35
2018Q2,UnitedKingdom,E-Series,19,6.62
2018Q2,UnitedKingdom,Hybrid,15,5.15
2018Q2,UnitedKingdom,AutonomousEV,3,1.1
2018Q2,UnitedKingdom,LegacyDiesel,211,69.25
2018Q2,UnitedKingdom,OtherCompetitor,56,17.88
2018Q2,Sweden,E-Series,9,5.56
2018Q2,Sweden,Hybrid,10,5.15
2018Q2,Sweden,AutonomousEV,2,1.1
2018Q2,Sweden,LegacyDiesel,106,69.25
2018Q2,Sweden,OtherCompetitor,34,18.94
2018Q3,Germany,E-Series,18,7.24
2018Q3,Germany,Hybrid,15,5.3
2018Q3,Germany,AutonomousEV,3,1.2
2018Q3,Germany,LegacyDiesel,184,68.5
2018Q3,Germany,OtherCompetitor,43,17.76
2018Q3,France,E-Series,18,6.68
2018Q3,France,Hybrid,13,5.3
2018Q3,France,AutonomousEV,2,1.2
2018Q3,France,LegacyDiesel,188,68.5
2018Q3,France,OtherCompetitor,50,18.32
2018Q3,Poland,E-Series,11,4.99
2018Q3,Poland,Hybrid,10,5.3
2018Q3,Poland,AutonomousEV,2,1.2
2018Q3,Poland,LegacyDiesel,133,68.5
2018Q3,Poland,OtherCompetitor,39,20.01
2018Q3,Spain,E-Series,8,4.43
2018Q3,Spain,Hybrid,10,5.3
2018Q3,Spain,AutonomousEV,2,1.2
2018Q3,Spain,LegacyDiesel,122,68.5
2018Q3,Spain,OtherCompetitor,37,20.57
2018Q3,Italy,E-Series,9,4.99
2018Q3,Italy,Hybrid,11,5.3
2018Q3,Italy,AutonomousEV,2,1.2
2018Q3,Italy,LegacyDiesel,123,68.5
2018Q3,Italy,OtherCompetitor,45,20.01
2018Q3,Netherlands,E-Series,14,7.8
2018Q3,Netherlands,Hybrid,9,5.3
2018Q3,Netherlands,AutonomousEV,2,1.2
2018Q3,Netherlands,LegacyDiesel,130,68.5
2018Q3,Netherlands,OtherCompetitor,29,17.2
2018Q3,UnitedKingdom,E-Series,18,7.24
2018Q3,UnitedKingdom,Hybrid,14,5.3
2018Q3,UnitedKingdom,AutonomousEV,3,1.2
2018Q3,UnitedKingdom,LegacyDiesel,185,68.5
2018Q3,UnitedKingdom,OtherCompetitor,43,17.76
2018Q3,Sweden,E-Series,10,6.11
2018Q3,Sweden,Hybrid,8,5.3
2018Q3,Sweden,AutonomousEV,1,1.2
2018Q3,Sweden,LegacyDiesel,120,68.5
2018Q3,Sweden,OtherCompetitor,30,18.89
2018Q4,Germany,E-Series,19,7.85
2018Q4,Germany,Hybrid,14,5.45
2018Q4,Germany,AutonomousEV,3,1.3
2018Q4,Germany,LegacyDiesel,164,67.75
2018Q4,Germany,OtherCompetitor,47,17.65
2018Q4,France,E-Series,16,7.26
2018Q4,France,Hybrid,11,5.45
2018Q4,France,AutonomousEV,2,1.3
2018Q4,France,LegacyDiesel,158,67.75
2018Q4,France,OtherCompetitor,41,18.24
2018Q4,Poland,E-Series,9,5.47
2018Q4,Poland,Hybrid,9,5.45
2018Q4,Poland,AutonomousEV,2,1.3
2018Q4,Poland,LegacyDiesel,123,67.75
2018Q4,Poland,OtherCompetitor,40,20.03
2018Q4,Spain,E-Series,8,4.88
2018Q4,Spain,Hybrid,8,5.45
2018Q4,Spain,AutonomousEV,1,1.3
2018Q4,Spain,LegacyDiesel,113,67.75
2018Q4,Spain,OtherCompetitor,34,20.62
2018Q4,Italy,E-Series,9,5.47
2018Q4,Italy,Hybrid,11,5.45
2018Q4,Italy,AutonomousEV,2,1.3
2018Q4,Italy,LegacyDiesel,106,67.75
2018Q4,Italy,OtherCompetitor,36,20.03
2018Q4,Netherlands,E-Series,13,8.44
2018Q4,Netherlands,Hybrid,7,5.45
2018Q4,Netherlands,AutonomousEV,2,1.3
2018Q4,Netherlands,LegacyDiesel,113,67.75
2018Q4,Netherlands,OtherCompetitor,26,17.06
2018Q4,UnitedKingdom,E-Series,16,7.85
2018Q4,UnitedKingdom,Hybrid,11,5.45
2018Q4,UnitedKingdom,AutonomousEV,3,1.3
2018Q4,UnitedKingdom,LegacyDiesel,155,67.75
2018Q4,UnitedKingdom,OtherCompetitor,43,17.65
2018Q4,Sweden,E-Series,9,6.66
2018Q4,Sweden,Hybrid,7,5.45
2018Q4,Sweden,AutonomousEV,1,1.3
2018Q4,Sweden,LegacyDiesel,87,67.75
2018Q4,Sweden,OtherCompetitor,27,18.84
2019Q1,Germany,E-Series,26,8.46
2019Q1,Germany,Hybrid,16,5.6
2019Q1,Germany,AutonomousEV,4,1.4
2019Q1,Germany,LegacyDiesel,187,67.0
2019Q1,Germany,OtherCompetitor,44,17.55
2019Q1,France,E-Series,19,7.83
2019Q1,France,Hybrid,14,5.6
2019Q1,France,AutonomousEV,3,1.4
2019Q1,France,LegacyDiesel,178,67.0
2019Q1,France,OtherCompetitor,46,18.17
2019Q1,Poland,E-Series,14,5.96
2019Q1,Poland,Hybrid,13,5.6
2019Q1,Poland,AutonomousEV,2,1.4
2019Q1,Poland,LegacyDiesel,152,67.0
2019Q1,Poland,OtherCompetitor,39,20.05
2019Q1,Spain,E-Series,9,5.33
2019Q1,Spain,Hybrid,9,5.6
2019Q1,Spain,AutonomousEV,2,1.4
2019Q1,Spain,LegacyDiesel,123,67.0
2019Q1,Spain,OtherCompetitor,36,20.67
2019Q1,Italy,E-Series,9,5.96
2019Q1,Italy,Hybrid,10,5.6
2019Q1,Italy,AutonomousEV,2,1.4
2019Q1,Italy,LegacyDiesel,129,67.0
2019Q1,Italy,OtherCompetitor,40,20.05
2019Q1,Netherlands,E-Series,14,9.08
2019Q1,Netherlands,Hybrid,9,5.6
2019Q1,Netherlands,AutonomousEV,2,1.4
2019Q1,Netherlands,LegacyDiesel,142,67.0
2019Q1,Netherlands,OtherCompetitor,34,16.92
2019Q1,UnitedKingdom,E-Series,23,8.46
2019Q1,UnitedKingdom,Hybrid,12,5.6
2019Q1,UnitedKingdom,AutonomousEV,3,1.4
2019Q1,UnitedKingdom,LegacyDiesel,182,67.0
2019Q1,UnitedKingdom,OtherCompetitor,40,17.55
2019Q1,Sweden,E-Series,10,7.2
2019Q1,Sweden,Hybrid,9,5.6
2019Q1,Sweden,AutonomousEV,2,1.4
2019Q1,Sweden,LegacyDiesel,114,67.0
2019Q1,Sweden,OtherCompetitor,31,18.8
2019Q2,Germany,E-Series,26,9.05
2019Q2,Germany,Hybrid,18,5.75
2019Q2,Germany,AutonomousEV,4,1.5
2019Q2,Germany,LegacyDiesel,209,66.25
2019Q2,Germany,OtherCompetitor,59,17.45
2019Q2,France,E-Series,23,8.4
2019Q2,France,Hybrid,17,5.75
2019Q2,France,AutonomousEV,4,1.5
2019Q2,France,LegacyDiesel,169,66.25
2019Q2,France,OtherCompetitor,52,18.1
2019Q2,Poland,E-Series,16,6.43
2019Q2,Poland,Hybrid,13,5.75
2019Q2,Poland,AutonomousEV,3,1.5
2019Q2,Poland,LegacyDiesel,171,66.25
2019Q2,Poland,OtherCompetitor,49,20.07
2019Q2,Spain,E-Series,12,5.77
2019Q2,Spain,Hybrid,12,5.75
2019Q2,Spain,AutonomousEV,2,1.5
2019Q2,Spain,LegacyDiesel,154,66.25
2019Q2,Spain,OtherCompetitor,45,20.73
2019Q2,Italy,E-Series,14,6.43
2019Q2,Italy,Hybrid,14,5.75
2019Q2,Italy,AutonomousEV,3,1.5
2019Q2,Italy,LegacyDiesel,150,66.25
2019Q2,Italy,OtherCompetitor,45,20.07
2019Q2,Netherlands,E-Series,16,9.71
2019Q2,Netherlands,Hybrid,13,5.75
2019Q2,Netherlands,AutonomousEV,3,1.5
2019Q2,Netherlands,LegacyDiesel,131,66.25
2019Q2,Netherlands,OtherCompetitor,35,16.79
2019Q2,UnitedKingdom,E-Series,27,9.05
2019Q2,UnitedKingdom,Hybrid,19,5.75
2019Q2,UnitedKingdom,AutonomousEV,3,1.5
2019Q2,UnitedKingdom,LegacyDiesel,203,66.25
2019Q2,UnitedKingdom,OtherCompetitor,47,17.45
2019Q2,Sweden,E-Series,14,7.74
2019Q2,Sweden,Hybrid,11,5.75
2019Q2,Sweden,AutonomousEV,2,1.5
2019Q2,Sweden,LegacyDiesel,121,66.25
2019Q2,Sweden,OtherCompetitor,32,18.76
2019Q3,Germany,E-Series,26,9.65
2019Q3,Germany,Hybrid,16,5.9
2019Q3,Germany,AutonomousEV,4,1.6
2019Q3,Germany,LegacyDiesel,192,65.5
2019Q3,Germany,OtherCompetitor,55,17.35
2019Q3,France,E-Series,23,8.96
2019Q3,France,Hybrid,16,5.9
2019Q3,France,AutonomousEV,4,1.6
2019Q3,France,LegacyDiesel,154,65.5
2019Q3,France,OtherCompetitor,53,18.04
2019Q3,Poland,E-Series,18,6.9
2019Q3,Poland,Hybrid,13,5.9
2019Q3,Poland,AutonomousEV,3,1.6
2019Q3,Poland,LegacyDiesel,143,65.5
2019Q3,Poland,OtherCompetitor,47,20.1
2019Q3,Spain,E-Series,10,6.21
2019Q3,Spain,Hybrid,10,5.9
2019Q3,Spain,AutonomousEV,2,1.6
2019Q3,Spain,LegacyDiesel,133,65.5
2019Q3,Spain,OtherCompetitor,42,20.79
2019Q3,Italy,E-Series,12,6.9
2019Q3,Italy,Hybrid,11,5.9
2019Q3,Italy,AutonomousEV,3,1.6
2019Q3,Italy,LegacyDiesel,124,65.5
2019Q3,Italy,OtherCompetitor,42,20.1
2019Q3,Netherlands,E-Series,19,10.34
2019Q3,Netherlands,Hybrid,11,5.9
2019Q3,Netherlands,AutonomousEV,2,1.6
2019Q3,Netherlands,LegacyDiesel,138,65.5
2019Q3,Netherlands,OtherCompetitor,30,16.66
2019Q3,UnitedKingdom,E-Series,23,9.65
2019Q3,UnitedKingdom,Hybrid,16,5.9
2019Q3,UnitedKingdom,AutonomousEV,4,1.6
2019Q3,UnitedKingdom,LegacyDiesel,181,65.5
2019Q3,UnitedKingdom,OtherCompetitor,49,17.35
2019Q3,Sweden,E-Series,14,8.27
2019Q3,Sweden,Hybrid,8,5.9
2019Q3,Sweden,AutonomousEV,2,1.6
2019Q3,Sweden,LegacyDiesel,105,65.5
2019Q3,Sweden,OtherCompetitor,34,18.73
2019Q4,Germany,E-Series,24,10.24
2019Q4,Germany,Hybrid,15,6.05
2019Q4,Germany,AutonomousEV,4,1.7
2019Q4,Germany,LegacyDiesel,169,64.75
2019Q4,Germany,OtherCompetitor,43,17.26
2019Q4,France,E-Series,22,9.52
2019Q4,France,Hybrid,15,6.05
2019Q4,France,AutonomousEV,4,1.7
2019Q4,France,LegacyDiesel,142,64.75
2019Q4,France,OtherCompetitor,41,17.98
2019Q4,Poland,E-Series,15,7.36
2019Q4,Poland,Hybrid,12,6.05
2019Q4,Poland,AutonomousEV,3,1.7
2019Q4,Poland,LegacyDiesel,132,64.75
2019Q4,Poland,OtherCompetitor,39,20.14
2019Q4,Spain,E-Series,11,6.64
2019Q4,Spain,Hybrid,9,6.05
2019Q4,Spain,AutonomousEV,3,1.7
2019Q4,Spain,LegacyDiesel,109,64.75
2019Q4,Spain,OtherCompetitor,31,20.86
2019Q4,Italy,E-Series,14,7.36
2019Q4,Italy,Hybrid,11,6.05
2019Q4,Italy,AutonomousEV,2,1.7
2019Q4,Italy,LegacyDiesel,121,64.75
2019Q4,Italy,OtherCompetitor,37,20.14
2019Q4,Netherlands,E-Series,18,10.96
2019Q4,Netherlands,Hybrid,9,6.05
2019Q4,Netherlands,AutonomousEV,3,1.7
2019Q4,Netherlands,LegacyDiesel,100,64.75
2019Q4,Netherlands,OtherCompetitor,31,16.54
2019Q4,UnitedKingdom,E-Series,24,10.24
2019Q4,UnitedKingdom,Hybrid,14,6.05
2019Q4,UnitedKingdom,AutonomousEV,3,1.7
2019Q4,UnitedKingdom,LegacyDiesel,161,64.75
2019Q4,UnitedKingdom,OtherCompetitor,37,17.26
2019Q4,Sweden,E-Series,13,8.8
2019Q4,Sweden,Hybrid,8,6.05
2019Q4,Sweden,AutonomousEV,2,1.7
2019Q4,Sweden,LegacyDiesel,93,64.75
2019Q4,Sweden,OtherCompetitor,29,18.7
2020Q1,Germany,E-Series,30,10.82
2020Q1,Germany,Hybrid,18,6.2
2020Q1,Germany,AutonomousEV,5,1.8
2020Q1,Germany,LegacyDiesel,209,64.0
2020Q1,Germany,OtherCompetitor,54,17.18
2020Q1,France,E-Series,25,10.07
2020Q1,France,Hybrid,16,6.2
2020Q1,France,AutonomousEV,5,1.8
2020Q1,France,LegacyDiesel,180,64.0
2020Q1,France,OtherCompetitor,53,17.93
2020Q1,Poland,E-Series,18,7.82
2020Q1,Poland,Hybrid,15,6.2
2020Q1,Poland,AutonomousEV,4,1.8
2020Q1,Poland,LegacyDiesel,130,64.0
2020Q1,Poland,OtherCompetitor,51,20.18
2020Q1,Spain,E-Series,13,7.07
2020Q1,Spain,Hybrid,10,6.2
2020Q1,Spain,AutonomousEV,3,1.8
2020Q1,Spain,LegacyDiesel,134,64.0
2020Q1,Spain,OtherCompetitor,45,20.93
2020Q1,Italy,E-Series,17,7.82
2020Q1,Italy,Hybrid,11,6.2
2020Q1,Italy,AutonomousEV,3,1.8
2020Q1,Italy,LegacyDiesel,155,64.0
2020Q1,Italy,OtherCompetitor,37,20.18
2020Q1,Netherlands,E-Series,21,11.57
2020Q1,Netherlands,Hybrid,13,6.2
2020Q1,Netherlands,AutonomousEV,3,1.8
2020Q1,Netherlands,LegacyDiesel,123,64.0
2020Q1,Netherlands,OtherCompetitor,33,16.43
2020Q1,UnitedKingdom,E-Series,27,10.82
2020Q1,UnitedKingdom,Hybrid,15,6.2
2020Q1,UnitedKingdom,AutonomousEV,5,1.8
2020Q1,UnitedKingdom,LegacyDiesel,163,64.0
2020Q1,UnitedKingdom,OtherCompetitor,45,17.18
2020Q1,Sweden,E-Series,17,9.32
2020Q1,Sweden,Hybrid,11,6.2
2020Q1,Sweden,AutonomousEV,2,1.8
2020Q1,Sweden,LegacyDiesel,114,64.0
2020Q1,Sweden,OtherCompetitor,34,18.68
2020Q2,Germany,E-Series,37,11.4
2020Q2,Germany,Hybrid,21,6.35
2020Q2,Germany,AutonomousEV,6,1.9
2020Q2,Germany,LegacyDiesel,176,63.25
2020Q2,Germany,OtherCompetitor,60,17.1
2020Q2,France,E-Series,32,10.62
2020Q2,France,Hybrid,18,6.35
2020Q2,France,AutonomousEV,5,1.9
2020Q2,France,LegacyDiesel,201,63.25
2020Q2,France,OtherCompetitor,53,17.88
2020Q2,Poland,E-Series,22,8.27
2020Q2,Poland,Hybrid,15,6.35
2020Q2,Poland,AutonomousEV,4,1.9
2020Q2,Poland,LegacyDiesel,187,63.25
2020Q2,Poland,OtherCompetitor,46,20.23
2020Q2,Spain,E-Series,15,7.49
2020Q2,Spain,Hybrid,14,6.35
2020Q2,Spain,AutonomousEV,3,1.9
2020Q2,Spain,LegacyDiesel,145,63.25
2020Q2,Spain,OtherCompetitor,39,21.01
2020Q2,Italy,E-Series,18,8.27
2020Q2,Italy,Hybrid,14,6.35
2020Q2,Italy,AutonomousEV,4,1.9
2020Q2,Italy,LegacyDiesel,157,63.25
2020Q2,Italy,OtherCompetitor,43,20.23
2020Q2,Netherlands,E-Series,27,12.18
2020Q2,Netherlands,Hybrid,15,6.35
2020Q2,Netherlands,AutonomousEV,4,1.9
2020Q2,Netherlands,LegacyDiesel,131,63.25
2020Q2,Netherlands,OtherCompetitor,38,16.32
2020Q2,UnitedKingdom,E-Series,33,11.4
2020Q2,UnitedKingdom,Hybrid,19,6.35
2020Q2,UnitedKingdom,AutonomousEV,6,1.9
2020Q2,UnitedKingdom,LegacyDiesel,197,63.25
2020Q2,UnitedKingdom,OtherCompetitor,53,17.1
2020Q2,Sweden,E-Series,18,9.83
2020Q2,Sweden,Hybrid,13,6.35
2020Q2,Sweden,AutonomousEV,3,1.9
2020Q2,Sweden,LegacyDiesel,109,63.25
2020Q2,Sweden,OtherCompetitor,31,18.67
2020Q3,Germany,E-Series,37,11.97
2020Q3,Germany,Hybrid,18,6.5
2020Q3,Germany,AutonomousEV,5,2.0
2020Q3,Germany,LegacyDiesel,182,62.5
2020Q3,Germany,OtherCompetitor,51,17.03
2020Q3,France,E-Series,27,11.16
2020Q3,France,Hybrid,18,6.5
2020Q3,France,AutonomousEV,4,2.0
2020Q3,France,LegacyDiesel,155,62.5
2020Q3,France,OtherCompetitor,47,17.84
2020Q3,Poland,E-Series,21,8.72
2020Q3,Poland,Hybrid,16,6.5
2020Q3,Poland,AutonomousEV,4,2.0
2020Q3,Poland,LegacyDiesel,166,62.5
2020Q3,Poland,OtherCompetitor,44,20.28
2020Q3,Spain,E-Series,14,7.91
2020Q3,Spain,Hybrid,12,6.5
2020Q3,Spain,AutonomousEV,4,2.0
2020Q3,Spain,LegacyDiesel,121,62.5
2020Q3,Spain,OtherCompetitor,38,21.09
2020Q3,Italy,E-Series,18,8.72
2020Q3,Italy,Hybrid,12,6.5
2020Q3,Italy,AutonomousEV,4,2.0
2020Q3,Italy,LegacyDiesel,118,62.5
2020Q3,Italy,OtherCompetitor,43,20.28
2020Q3,Netherlands,E-Series,24,12.78
2020Q3,Netherlands,Hybrid,11,6.5
2020Q3,Netherlands,AutonomousEV,4,2.0
2020Q3,Netherlands,LegacyDiesel,94,62.5
2020Q3,Netherlands,OtherCompetitor,34,16.22
2020Q3,UnitedKingdom,E-Series,32,11.97
2020Q3,UnitedKingdom,Hybrid,18,6.5
2020Q3,UnitedKingdom,AutonomousEV,5,2.0
2020Q3,UnitedKingdom,LegacyDiesel,167,62.5
2020Q3,UnitedKingdom,OtherCompetitor,51,17.03
2020Q3,Sweden,E-Series,15,10.34
2020Q3,Sweden,Hybrid,9,6.5
2020Q3,Sweden,AutonomousEV,3,2.0
2020Q3,Sweden,LegacyDiesel,107,62.5
2020Q3,Sweden,OtherCompetitor,33,18.66
2020Q4,Germany,E-Series,35,12.53
2020Q4,Germany,Hybrid,17,6.65
2020Q4,Germany,AutonomousEV,5,2.1
2020Q4,Germany,LegacyDiesel,172,61.75
2020Q4,Germany,OtherCompetitor,44,16.97
2020Q4,France,E-Series,27,11.69
2020Q4,France,Hybrid,16,6.65
2020Q4,France,AutonomousEV,4,2.1
2020Q4,France,LegacyDiesel,143,61.75
2020Q4,France,OtherCompetitor,40,17.81
2020Q4,Poland,E-Series,16,9.16
2020Q4,Poland,Hybrid,13,6.65
2020Q4,Poland,AutonomousEV,4,2.1
2020Q4,Poland,LegacyDiesel,139,61.75
2020Q4,Poland,OtherCompetitor,42,20.34
2020Q4,Spain,E-Series,13,8.32
2020Q4,Spain,Hybrid,10,6.65
2020Q4,Spain,AutonomousEV,3,2.1
2020Q4,Spain,LegacyDiesel,111,61.75
2020Q4,Spain,OtherCompetitor,37,21.18
2020Q4,Italy,E-Series,17,9.16
2020Q4,Italy,Hybrid,12,6.65
2020Q4,Italy,AutonomousEV,3,2.1
2020Q4,Italy,LegacyDiesel,130,61.75
2020Q4,Italy,OtherCompetitor,40,20.34
2020Q4,Netherlands,E-Series,22,13.38
2020Q4,Netherlands,Hybrid,11,6.65
2020Q4,Netherlands,AutonomousEV,3,2.1
2020Q4,Netherlands,LegacyDiesel,99,61.75
2020Q4,Netherlands,OtherCompetitor,25,16.12
2020Q4,UnitedKingdom,E-Series,30,12.53
2020Q4,UnitedKingdom,Hybrid,14,6.65
2020Q4,UnitedKingdom,AutonomousEV,5,2.1
2020Q4,UnitedKingdom,LegacyDiesel,162,61.75
2020Q4,UnitedKingdom,OtherCompetitor,42,16.97
2020Q4,Sweden,E-Series,17,10.85
2020Q4,Sweden,Hybrid,9,6.65
2020Q4,Sweden,AutonomousEV,3,2.1
2020Q4,Sweden,LegacyDiesel,87,61.75
2020Q4,Sweden,OtherCompetitor,30,18.65
2021Q1,Germany,E-Series,38,13.1
2021Q1,Germany,Hybrid,20,6.8
2021Q1,Germany,AutonomousEV,7,2.2
2021Q1,Germany,LegacyDiesel,175,61.0
2021Q1,Germany,OtherCompetitor,51,16.9
2021Q1,France,E-Series,36,12.22
2021Q1,France,Hybrid,17,6.8
2021Q1,France,AutonomousEV,5,2.2
2021Q1,France,LegacyDiesel,165,61.0
2021Q1,France,OtherCompetitor,45,17.78
2021Q1,Poland,E-Series,22,9.6
2021Q1,Poland,Hybrid,15,6.8
2021Q1,Poland,AutonomousEV,5,2.2
2021Q1,Poland,LegacyDiesel,161,61.0
2021Q1,Poland,OtherCompetitor,50,20.4
2021Q1,Spain,E-Series,16,8.72
2021Q1,Spain,Hybrid,13,6.8
2021Q1,Spain,AutonomousEV,4,2.2
2021Q1,Spain,LegacyDiesel,122,61.0
2021Q1,Spain,OtherCompetitor,38,21.28
2021Q1,Italy,E-Series,20,9.6
2021Q1,Italy,Hybrid,15,6.8
2021Q1,Italy,AutonomousEV,4,2.2
2021Q1,Italy,LegacyDiesel,134,61.0
2021Q1,Italy,OtherCompetitor,43,20.4
2021Q1,Netherlands,E-Series,28,13.97
2021Q1,Netherlands,Hybrid,11,6.8
2021Q1,Netherlands,AutonomousEV,4,2.2
2021Q1,Netherlands,LegacyDiesel,112,61.0
2021Q1,Netherlands,OtherCompetitor,31,16.03
2021Q1,UnitedKingdom,E-Series,37,13.1
2021Q1,UnitedKingdom,Hybrid,17,6.8
2021Q1,UnitedKingdom,AutonomousEV,5,2.2
2021Q1,UnitedKingdom,LegacyDiesel,162,61.0
2021Q1,UnitedKingdom,OtherCompetitor,50,16.9
2021Q1,Sweden,E-Series,15,11.34
2021Q1,Sweden,Hybrid,10,6.8
2021Q1,Sweden,AutonomousEV,3,2.2
2021Q1,Sweden,LegacyDiesel,102,61.0
2021Q1,Sweden,OtherCompetitor,33,18.66
2021Q2,Germany,E-Series,52,13.65
2021Q2,Germany,Hybrid,24,6.95
2021Q2,Germany,AutonomousEV,7,2.3
2021Q2,Germany,LegacyDiesel,201,60.25
2021Q2,Germany,OtherCompetitor,57,16.85
2021Q2,France,E-Series,39,12.74
2021Q2,France,Hybrid,22,6.95
2021Q2,France,AutonomousEV,7,2.3
2021Q2,France,LegacyDiesel,176,60.25
2021Q2,France,OtherCompetitor,49,17.76
2021Q2,Poland,E-Series,25,10.02
2021Q2,Poland,Hybrid,18,6.95
2021Q2,Poland,AutonomousEV,6,2.3
2021Q2,Poland,LegacyDiesel,161,60.25
2021Q2,Poland,OtherCompetitor,60,20.48
2021Q2,Spain,E-Series,21,9.12
2021Q2,Spain,Hybrid,16,6.95
2021Q2,Spain,AutonomousEV,5,2.3
2021Q2,Spain,LegacyDiesel,132,60.25
2021Q2,Spain,OtherCompetitor,50,21.38
2021Q2,Italy,E-Series,23,10.02
2021Q2,Italy,Hybrid,15,6.95
2021Q2,Italy,AutonomousEV,4,2.3
2021Q2,Italy,LegacyDiesel,136,60.25
2021Q2,Italy,OtherCompetitor,45,20.48
2021Q2,Netherlands,E-Series,30,14.56
2021Q2,Netherlands,Hybrid,15,6.95
2021Q2,Netherlands,AutonomousEV,4,2.3
2021Q2,Netherlands,LegacyDiesel,133,60.25
2021Q2,Netherlands,OtherCompetitor,34,15.94
2021Q2,UnitedKingdom,E-Series,44,13.65
2021Q2,UnitedKingdom,Hybrid,21,6.95
2021Q2,UnitedKingdom,AutonomousEV,8,2.3
2021Q2,UnitedKingdom,LegacyDiesel,193,60.25
2021Q2,UnitedKingdom,OtherCompetitor,56,16.85
2021Q2,Sweden,E-Series,24,11.84
2021Q2,Sweden,Hybrid,13,6.95
2021Q2,Sweden,AutonomousEV,4,2.3
2021Q2,Sweden,LegacyDiesel,118,60.25
2021Q2,Sweden,OtherCompetitor,35,18.66
2021Q3,Germany,E-Series,45,14.2
2021Q3,Germany,Hybrid,22,7.1
2021Q3,Germany,AutonomousEV,7,2.4
2021Q3,Germany,LegacyDiesel,177,59.5
2021Q3,Germany,OtherCompetitor,46,16.8
2021Q3,France,E-Series,37,13.26
2021Q3,France,Hybrid,22,7.1
2021Q3,France,AutonomousEV,7,2.4
2021Q3,France,LegacyDiesel,161,59.5
2021Q3,France,OtherCompetitor,46,17.74
2021Q3,Poland,E-Series,27,10.45
2021Q3,Poland,Hybrid,17,7.1
2021Q3,Poland,AutonomousEV,5,2.4
2021Q3,Poland,LegacyDiesel,120,59.5
2021Q3,Poland,OtherCompetitor,57,20.55
2021Q3,Spain,E-Series,18,9.51
2021Q3,Spain,Hybrid,15,7.1
2021Q3,Spain,AutonomousEV,4,2.4
2021Q3,Spain,LegacyDiesel,128,59.5
2021Q3,Spain,OtherCompetitor,46,21.49
2021Q3,Italy,E-Series,20,10.45
2021Q3,Italy,Hybrid,14,7.1
2021Q3,Italy,AutonomousEV,5,2.4
2021Q3,Italy,LegacyDiesel,122,59.5
2021Q3,Italy,OtherCompetitor,38,20.55
2021Q3,Netherlands,E-Series,34,15.14
2021Q3,Netherlands,Hybrid,13,7.1
2021Q3,Netherlands,AutonomousEV,4,2.4
2021Q3,Netherlands,LegacyDiesel,118,59.5
2021Q3,Netherlands,OtherCompetitor,27,15.86
2021Q3,UnitedKingdom,E-Series,40,14.2
2021Q3,UnitedKingdom,Hybrid,19,7.1
2021Q3,UnitedKingdom,AutonomousEV,6,2.4
2021Q3,UnitedKingdom,LegacyDiesel,157,59.5
2021Q3,UnitedKingdom,OtherCompetitor,49,16.8
2021Q3,Sweden,E-Series,23,12.32
2021Q3,Sweden,Hybrid,12,7.1
2021Q3,Sweden,AutonomousEV,4,2.4
2021Q3,Sweden,LegacyDiesel,102,59.5
2021Q3,Sweden,OtherCompetitor,30,18.68
2021Q4,Germany,E-Series,36,14.74
2021Q4,Germany,Hybrid,18,7.25
2021Q4,Germany,AutonomousEV,7,2.5
2021Q4,Germany,LegacyDiesel,165,58.75
2021Q4,Germany,OtherCompetitor,45,16.76
2021Q4,France,E-Series,31,13.77
2021Q4,France,Hybrid,19,7.25
2021Q4,France,AutonomousEV,6,2.5
2021Q4,France,LegacyDiesel,145,58.75
2021Q4,France,OtherCompetitor,42,17.73
2021Q4,Poland,E-Series,19,10.87
2021Q4,Poland,Hybrid,14,7.25
2021Q4,Poland,AutonomousEV,5,2.5
2021Q4,Poland,LegacyDiesel,118,58.75
2021Q4,Poland,OtherCompetitor,46,20.63
2021Q4,Spain,E-Series,18,9.9
2021Q4,Spain,Hybrid,14,7.25
2021Q4,Spain,AutonomousEV,4,2.5
2021Q4,Spain,LegacyDiesel,89,58.75
2021Q4,Spain,OtherCompetitor,38,21.6
2021Q4,Italy,E-Series,17,10.87
2021Q4,Italy,Hybrid,14,7.25
2021Q4,Italy,AutonomousEV,4,2.5
2021Q4,Italy,LegacyDiesel,106,58.75
2021Q4,Italy,OtherCompetitor,36,20.63
2021Q4,Netherlands,E-Series,27,15.71
2021Q4,Netherlands,Hybrid,12,7.25
2021Q4,Netherlands,AutonomousEV,4,2.5
2021Q4,Netherlands,LegacyDiesel,103,58.75
2021Q4,Netherlands,OtherCompetitor,29,15.79
2021Q4,UnitedKingdom,E-Series,35,14.74
2021Q4,UnitedKingdom,Hybrid,19,7.25
2021Q4,UnitedKingdom,AutonomousEV,5,2.5
2021Q4,UnitedKingdom,LegacyDiesel,148,58.75
2021Q4,UnitedKingdom,OtherCompetitor,40,16.76
2021Q4,Sweden,E-Series,18,12.8
2021Q4,Sweden,Hybrid,10,7.25
2021Q4,Sweden,AutonomousEV,3,2.5
2021Q4,Sweden,LegacyDiesel,105,58.75
2021Q4,Sweden,OtherCompetitor,30,18.7
2022Q1,Germany,E-Series,48,15.28
2022Q1,Germany,Hybrid,23,7.4
2022Q1,Germany,AutonomousEV,7,2.6
2022Q1,Germany,LegacyDiesel,170,58.0
2022Q1,Germany,OtherCompetitor,48,16.72
2022Q1,France,E-Series,39,14.28
2022Q1,France,Hybrid,21,7.4
2022Q1,France,AutonomousEV,7,2.6
2022Q1,France,LegacyDiesel,160,58.0
2022Q1,France,OtherCompetitor,53,17.72
2022Q1,Poland,E-Series,27,11.28
2022Q1,Poland,Hybrid,15,7.4
2022Q1,Poland,AutonomousEV,6,2.6
2022Q1,Poland,LegacyDiesel,151,58.0
2022Q1,Poland,OtherCompetitor,55,20.72
2022Q1,Spain,E-Series,19,10.28
2022Q1,Spain,Hybrid,13,7.4
2022Q1,Spain,AutonomousEV,5,2.6
2022Q1,Spain,LegacyDiesel,120,58.0
2022Q1,Spain,OtherCompetitor,43,21.72
2022Q1,Italy,E-Series,25,11.28
2022Q1,Italy,Hybrid,15,7.4
2022Q1,Italy,AutonomousEV,5,2.6
2022Q1,Italy,LegacyDiesel,112,58.0
2022Q1,Italy,OtherCompetitor,50,20.72
2022Q1,Netherlands,E-Series,33,16.28
2022Q1,Netherlands,Hybrid,16,7.4
2022Q1,Netherlands,AutonomousEV,4,2.6
2022Q1,Netherlands,LegacyDiesel,97,58.0
2022Q1,Netherlands,OtherCompetitor,29,15.72
2022Q1,UnitedKingdom,E-Series,45,15.28
2022Q1,UnitedKingdom,Hybrid,23,7.4
2022Q1,UnitedKingdom,AutonomousEV,7,2.6
2022Q1,UnitedKingdom,LegacyDiesel,176,58.0
2022Q1,UnitedKingdom,OtherCompetitor,47,16.72
2022Q1,Sweden,E-Series,22,13.28
2022Q1,Sweden,Hybrid,12,7.4
2022Q1,Sweden,AutonomousEV,4,2.6
2022Q1,Sweden,LegacyDiesel,107,58.0
2022Q1,Sweden,OtherCompetitor,34,18.72
2022Q2,Germany,E-Series,56,15.81
2022Q2,Germany,Hybrid,27,7.55
2022Q2,Germany,AutonomousEV,9,2.7
2022Q2,Germany,LegacyDiesel,202,57.25
2022Q2,Germany,OtherCompetitor,49,16.69
2022Q2,France,E-Series,49,14.78
2022Q2,France,Hybrid,24,7.55
2022Q2,France,AutonomousEV,8,2.7
2022Q2,France,LegacyDiesel,192,57.25
2022Q2,France,OtherCompetitor,52,17.72
2022Q2,Poland,E-Series,34,11.69
2022Q2,Poland,Hybrid,21,7.55
2022Q2,Poland,AutonomousEV,7,2.7
2022Q2,Poland,LegacyDiesel,148,57.25
2022Q2,Poland,OtherCompetitor,53,20.81
2022Q2,Spain,E-Series,25,10.66
2022Q2,Spain,Hybrid,16,7.55
2022Q2,Spain,AutonomousEV,7,2.7
2022Q2,Spain,LegacyDiesel,128,57.25
2022Q2,Spain,OtherCompetitor,48,21.84
2022Q2,Italy,E-Series,31,11.69
2022Q2,Italy,Hybrid,18,7.55
2022Q2,Italy,AutonomousEV,7,2.7
2022Q2,Italy,LegacyDiesel,123,57.25
2022Q2,Italy,OtherCompetitor,44,20.81
2022Q2,Netherlands,E-Series,38,16.84
2022Q2,Netherlands,Hybrid,15,7.55
2022Q2,Netherlands,AutonomousEV,5,2.7
2022Q2,Netherlands,LegacyDiesel,123,57.25
2022Q2,Netherlands,OtherCompetitor,38,15.66
2022Q2,UnitedKingdom,E-Series,57,15.81
2022Q2,UnitedKingdom,Hybrid,21,7.55
2022Q2,UnitedKingdom,AutonomousEV,8,2.7
2022Q2,UnitedKingdom,LegacyDiesel,163,57.25
2022Q2,UnitedKingdom,OtherCompetitor,51,16.69
2022Q2,Sweden,E-Series,28,13.75
2022Q2,Sweden,Hybrid,13,7.55
2022Q2,Sweden,AutonomousEV,5,2.7
2022Q2,Sweden,LegacyDiesel,117,57.25
2022Q2,Sweden,OtherCompetitor,35,18.75
2022Q3,Germany,E-Series,49,16.34
2022Q3,Germany,Hybrid,26,7.7
2022Q3,Germany,AutonomousEV,8,2.8
2022Q3,Germany,LegacyDiesel,164,56.5
2022Q3,Germany,OtherCompetitor,52,16.66
2022Q3,France,E-Series,42,15.28
2022Q3,France,Hybrid,20,7.7
2022Q3,France,AutonomousEV,8,2.8
2022Q3,France,LegacyDiesel,158,56.5
2022Q3,France,OtherCompetitor,46,17.72
2022Q3,Poland,E-Series,24,12.09
2022Q3,Poland,Hybrid,16,7.7
2022Q3,Poland,AutonomousEV,7,2.8
2022Q3,Poland,LegacyDiesel,132,56.5
2022Q3,Poland,OtherCompetitor,48,20.91
2022Q3,Spain,E-Series,24,11.03
2022Q3,Spain,Hybrid,17,7.7
2022Q3,Spain,AutonomousEV,5,2.8
2022Q3,Spain,LegacyDiesel,110,56.5
2022Q3,Spain,OtherCompetitor,47,21.97
2022Q3,Italy,E-Series,27,12.09
2022Q3,Italy,Hybrid,17,7.7
2022Q3,Italy,AutonomousEV,6,2.8
2022Q3,Italy,LegacyDiesel,117,56.5
2022Q3,Italy,OtherCompetitor,46,20.91
2022Q3,Netherlands,E-Series,33,17.4
2022Q3,Netherlands,Hybrid,14,7.7
2022Q3,Netherlands,AutonomousEV,5,2.8
2022Q3,Netherlands,LegacyDiesel,105,56.5
2022Q3,Netherlands,OtherCompetitor,34,15.6
2022Q3,UnitedKingdom,E-Series,46,16.34
2022Q3,UnitedKingdom,Hybrid,24,7.7
2022Q3,UnitedKingdom,AutonomousEV,7,2.8
2022Q3,UnitedKingdom,LegacyDiesel,163,56.5
2022Q3,UnitedKingdom,OtherCompetitor,50,16.66
2022Q3,Sweden,E-Series,25,14.21
2022Q3,Sweden,Hybrid,15,7.7
2022Q3,Sweden,AutonomousEV,4,2.8
2022Q3,Sweden,LegacyDiesel,96,56.5
2022Q3,Sweden,OtherCompetitor,30,18.79
2022Q4,Germany,E-Series,48,16.86
2022Q4,Germany,Hybrid,21,7.85
2022Q4,Germany,AutonomousEV,8,2.9
2022Q4,Germany,LegacyDiesel,137,55.75
2022Q4,Germany,OtherCompetitor,41,16.64
2022Q4,France,E-Series,38,15.77
2022Q4,France,Hybrid,20,7.85
2022Q4,France,AutonomousEV,7,2.9
2022Q4,France,LegacyDiesel,153,55.75
2022Q4,France,OtherCompetitor,49,17.73
2022Q4,Poland,E-Series,28,12.48
2022Q4,Poland,Hybrid,17,7.85
2022Q4,Poland,AutonomousEV,6,2.9
2022Q4,Poland,LegacyDiesel,128,55.75
2022Q4,Poland,OtherCompetitor,45,21.02
2022Q4,Spain,E-Series,20,11.39
2022Q4,Spain,Hybrid,13,7.85
2022Q4,Spain,AutonomousEV,5,2.9
2022Q4,Spain,LegacyDiesel,97,55.75
2022Q4,Spain,OtherCompetitor,40,22.11
2022Q4,Italy,E-Series,22,12.48
2022Q4,Italy,Hybrid,17,7.85
2022Q4,Italy,AutonomousEV,6,2.9
2022Q4,Italy,LegacyDiesel,107,55.75
2022Q4,Italy,OtherCompetitor,39,21.02
2022Q4,Netherlands,E-Series,31,17.95
2022Q4,Netherlands,Hybrid,12,7.85
2022Q4,Netherlands,AutonomousEV,5,2.9
2022Q4,Netherlands,LegacyDiesel,91,55.75
2022Q4,Netherlands,OtherCompetitor,28,15.55
2022Q4,UnitedKingdom,E-Series,35,16.86
2022Q4,UnitedKingdom,Hybrid,19,7.85
2022Q4,UnitedKingdom,AutonomousEV,7,2.9
2022Q4,UnitedKingdom,LegacyDiesel,140,55.75
2022Q4,UnitedKingdom,OtherCompetitor,35,16.64
2022Q4,Sweden,E-Series,22,14.67
2022Q4,Sweden,Hybrid,11,7.85
2022Q4,Sweden,AutonomousEV,4,2.9
2022Q4,Sweden,LegacyDiesel,103,55.75
2022Q4,Sweden,OtherCompetitor,29,18.83
2023Q1,Germany,E-Series,52,17.38
2023Q1,Germany,Hybrid,22,8.0
2023Q1,Germany,AutonomousEV,8,3.0
2023Q1,Germany,LegacyDiesel,190,55.0
2023Q1,Germany,OtherCompetitor,52,16.62
2023Q1,France,E-Series,47,16.25
2023Q1,France,Hybrid,20,8.0
2023Q1,France,AutonomousEV,8,3.0
2023Q1,France,LegacyDiesel,153,55.0
2023Q1,France,OtherCompetitor,54,17.75
2023Q1,Poland,E-Series,34,12.88
2023Q1,Poland,Hybrid,18,8.0
2023Q1,Poland,AutonomousEV,6,3.0
2023Q1,Poland,LegacyDiesel,136,55.0
2023Q1,Poland,OtherCompetitor,50,21.12
2023Q1,Spain,E-Series,27,11.75
2023Q1,Spain,Hybrid,17,8.0
2023Q1,Spain,AutonomousEV,6,3.0
2023Q1,Spain,LegacyDiesel,100,55.0
2023Q1,Spain,OtherCompetitor,46,22.25
2023Q1,Italy,E-Series,27,12.88
2023Q1,Italy,Hybrid,20,8.0
2023Q1,Italy,AutonomousEV,7,3.0
2023Q1,Italy,LegacyDiesel,116,55.0
2023Q1,Italy,OtherCompetitor,48,21.12
2023Q1,Netherlands,E-Series,38,18.5
2023Q1,Netherlands,Hybrid,17,8.0
2023Q1,Netherlands,AutonomousEV,5,3.0
2023Q1,Netherlands,LegacyDiesel,116,55.0
2023Q1,Netherlands,OtherCompetitor,33,15.5
2023Q1,UnitedKingdom,E-Series,47,17.38
2023Q1,UnitedKingdom,Hybrid,21,8.0
2023Q1,UnitedKingdom,AutonomousEV,8,3.0
2023Q1,UnitedKingdom,LegacyDiesel,147,55.0
2023Q1,UnitedKingdom,OtherCompetitor,45,16.62
2023Q1,Sweden,E-Series,28,15.12
2023Q1,Sweden,Hybrid,13,8.0
2023Q1,Sweden,AutonomousEV,5,3.0
2023Q1,Sweden,LegacyDiesel,95,55.0
2023Q1,Sweden,OtherCompetitor,33,18.88
2023Q2,Germany,E-Series,60,17.88
2023Q2,Germany,Hybrid,27,8.15
2023Q2,Germany,AutonomousEV,10,3.1
2023Q2,Germany,LegacyDiesel,195,54.25
2023Q2,Germany,OtherCompetitor,53,16.62
2023Q2,France,E-Series,57,16.73
2023Q2,France,Hybrid,25,8.15
2023Q2,France,AutonomousEV,11,3.1
2023Q2,France,LegacyDiesel,174,54.25
2023Q2,France,OtherCompetitor,53,17.77
2023Q2,Poland,E-Series,32,13.26
2023Q2,Poland,Hybrid,23,8.15
2023Q2,Poland,AutonomousEV,8,3.1
2023Q2,Poland,LegacyDiesel,169,54.25
2023Q2,Poland,OtherCompetitor,68,21.24
2023Q2,Spain,E-Series,24,12.1
2023Q2,Spain,Hybrid,17,8.15
2023Q2,Spain,AutonomousEV,7,3.1
2023Q2,Spain,LegacyDiesel,132,54.25
2023Q2,Spain,OtherCompetitor,53,22.4
2023Q2,Italy,E-Series,35,13.26
2023Q2,Italy,Hybrid,19,8.15
2023Q2,Italy,AutonomousEV,9,3.1
2023Q2,Italy,LegacyDiesel,125,54.25
2023Q2,Italy,OtherCompetitor,50,21.24
2023Q2,Netherlands,E-Series,47,19.04
2023Q2,Netherlands,Hybrid,18,8.15
2023Q2,Netherlands,AutonomousEV,6,3.1
2023Q2,Netherlands,LegacyDiesel,126,54.25
2023Q2,Netherlands,OtherCompetitor,33,15.46
2023Q2,UnitedKingdom,E-Series,60,17.88
2023Q2,UnitedKingdom,Hybrid,26,8.15
2023Q2,UnitedKingdom,AutonomousEV,10,3.1
2023Q2,UnitedKingdom,LegacyDiesel,176,54.25
2023Q2,UnitedKingdom,OtherCompetitor,45,16.62
2023Q2,Sweden,E-Series,30,15.57
2023Q2,Sweden,Hybrid,17,8.15
2023Q2,Sweden,AutonomousEV,5,3.1
2023Q2,Sweden,LegacyDiesel,112,54.25
2023Q2,Sweden,OtherCompetitor,40,18.93
2023Q3,Germany,E-Series,60,18.39
2023Q3,Germany,Hybrid,26,8.3
2023Q3,Germany,AutonomousEV,11,3.2
2023Q3,Germany,LegacyDiesel,181,53.5
2023Q3,Germany,OtherCompetitor,50,16.61
2023Q3,France,E-Series,44,17.2
2023Q3,France,Hybrid,22,8.3
2023Q3,France,AutonomousEV,8,3.2
2023Q3,France,LegacyDiesel,158,53.5
2023Q3,France,OtherCompetitor,45,17.8
2023Q3,Poland,E-Series,37,13.64
2023Q3,Poland,Hybrid,21,8.3
2023Q3,Poland,AutonomousEV,7,3.2
2023Q3,Poland,LegacyDiesel,126,53.5
2023Q3,Poland,OtherCompetitor,55,21.36
2023Q3,Spain,E-Series,28,12.45
2023Q3,Spain,Hybrid,16,8.3
2023Q3,Spain,AutonomousEV,6,3.2
2023Q3,Spain,LegacyDiesel,110,53.5
2023Q3,Spain,OtherCompetitor,48,22.55
2023Q3,Italy,E-Series,28,13.64
2023Q3,Italy,Hybrid,18,8.3
2023Q3,Italy,AutonomousEV,6,3.2
2023Q3,Italy,LegacyDiesel,118,53.5
2023Q3,Italy,OtherCompetitor,52,21.36
2023Q3,Netherlands,E-Series,40,19.58
2023Q3,Netherlands,Hybrid,17,8.3
2023Q3,Netherlands,AutonomousEV,6,3.2
2023Q3,Netherlands,LegacyDiesel,122,53.5
2023Q3,Netherlands,OtherCompetitor,29,15.42
2023Q3,UnitedKingdom,E-Series,58,18.39
2023Q3,UnitedKingdom,Hybrid,21,8.3
2023Q3,UnitedKingdom,AutonomousEV,10,3.2
2023Q3,UnitedKingdom,LegacyDiesel,171,53.5
2023Q3,UnitedKingdom,OtherCompetitor,43,16.61
2023Q3,Sweden,E-Series,29,16.01
2023Q3,Sweden,Hybrid,14,8.3
2023Q3,Sweden,AutonomousEV,4,3.2
2023Q3,Sweden,LegacyDiesel,105,53.5
2023Q3,Sweden,OtherCompetitor,40,18.99
2023Q4,Germany,E-Series,52,18.89
2023Q4,Germany,Hybrid,21,8.45
2023Q4,Germany,AutonomousEV,9,3.3
2023Q4,Germany,LegacyDiesel,158,52.75
2023Q4,Germany,OtherCompetitor,49,16.61
2023Q4,France,E-Series,47,17.67
2023Q4,France,Hybrid,19,8.45
2023Q4,France,AutonomousEV,8,3.3
2023Q4,France,LegacyDiesel,139,52.75
2023Q4,France,OtherCompetitor,43,17.83
2023Q4,Poland,E-Series,30,14.01
2023Q4,Poland,Hybrid,20,8.45
2023Q4,Poland,AutonomousEV,8,3.3
2023Q4,Poland,LegacyDiesel,108,52.75
2023Q4,Poland,OtherCompetitor,48,21.49
2023Q4,Spain,E-Series,24,12.79
2023Q4,Spain,Hybrid,15,8.45
2023Q4,Spain,AutonomousEV,6,3.3
2023Q4,Spain,LegacyDiesel,92,52.75
2023Q4,Spain,OtherCompetitor,45,22.71
2023Q4,Italy,E-Series,25,14.01
2023Q4,Italy,Hybrid,15,8.45
2023Q4,Italy,AutonomousEV,6,3.3
2023Q4,Italy,LegacyDiesel,98,52.75
2023Q4,Italy,OtherCompetitor,43,21.49
2023Q4,Netherlands,E-Series,33,20.11
2023Q4,Netherlands,Hybrid,15,8.45
2023Q4,Netherlands,AutonomousEV,5,3.3
2023Q4,Netherlands,LegacyDiesel,93,52.75
2023Q4,Netherlands,OtherCompetitor,28,15.39
2023Q4,UnitedKingdom,E-Series,55,18.89
2023Q4,UnitedKingdom,Hybrid,22,8.45
2023Q4,UnitedKingdom,AutonomousEV,8,3.3
2023Q4,UnitedKingdom,LegacyDiesel,142,52.75
2023Q4,UnitedKingdom,OtherCompetitor,42,16.61
2023Q4,Sweden,E-Series,30,16.45
2023Q4,Sweden,Hybrid,13,8.45
2023Q4,Sweden,AutonomousEV,5,3.3
2023Q4,Sweden,LegacyDiesel,87,52.75
2023Q4,Sweden,OtherCompetitor,29,19.05
2024Q1,Germany,E-Series,62,19.38
2024Q1,Germany,Hybrid,30,8.6
2024Q1,Germany,AutonomousEV,12,3.4
2024Q1,Germany,LegacyDiesel,155,52.0
2024Q1,Germany,OtherCompetitor,55,16.62
2024Q1,France,E-Series,51,18.13
2024Q1,France,Hybrid,26,8.6
2024Q1,France,AutonomousEV,10,3.4
2024Q1,France,LegacyDiesel,157,52.0
2024Q1,France,OtherCompetitor,62,17.87
2024Q1,Poland,E-Series,33,14.38
2024Q1,Poland,Hybrid,20,8.6
2024Q1,Poland,AutonomousEV,9,3.4
2024Q1,Poland,LegacyDiesel,133,52.0
2024Q1,Poland,OtherCompetitor,49,21.62
2024Q1,Spain,E-Series,32,13.13
2024Q1,Spain,Hybrid,21,8.6
2024Q1,Spain,AutonomousEV,6,3.4
2024Q1,Spain,LegacyDiesel,108,52.0
2024Q1,Spain,OtherCompetitor,54,22.87
2024Q1,Italy,E-Series,33,14.38
2024Q1,Italy,Hybrid,18,8.6
2024Q1,Italy,AutonomousEV,7,3.4
2024Q1,Italy,LegacyDiesel,115,52.0
2024Q1,Italy,OtherCompetitor,44,21.62
2024Q1,Netherlands,E-Series,43,20.63
2024Q1,Netherlands,Hybrid,15,8.6
2024Q1,Netherlands,AutonomousEV,6,3.4
2024Q1,Netherlands,LegacyDiesel,109,52.0
2024Q1,Netherlands,OtherCompetitor,31,15.37
2024Q1,UnitedKingdom,E-Series,53,19.38
2024Q1,UnitedKingdom,Hybrid,27,8.6
2024Q1,UnitedKingdom,AutonomousEV,10,3.4
2024Q1,UnitedKingdom,LegacyDiesel,165,52.0
2024Q1,UnitedKingdom,OtherCompetitor,47,16.62
2024Q1,Sweden,E-Series,31,16.88
2024Q1,Sweden,Hybrid,16,8.6
2024Q1,Sweden,AutonomousEV,6,3.4
2024Q1,Sweden,LegacyDiesel,90,52.0
2024Q1,Sweden,OtherCompetitor,34,19.12
2024Q2,Germany,E-Series,68,19.87
2024Q2,Germany,Hybrid,30,8.75
2024Q2,Germany,AutonomousEV,13,3.5
2024Q2,Germany,LegacyDiesel,183,51.25
2024Q2,Germany,OtherCompetitor,62,16.63
2024Q2,France,E-Series,61,18.59
2024Q2,France,Hybrid,28,8.75
2024Q2,France,AutonomousEV,9,3.5
2024Q2,France,LegacyDiesel,156,51.25
2024Q2,France,OtherCompetitor,59,17.91
2024Q2,Poland,E-Series,39,14.74
2024Q2,Poland,Hybrid,23,8.75
2024Q2,Poland,AutonomousEV,9,3.5
2024Q2,Poland,LegacyDiesel,146,51.25
2024Q2,Poland,OtherCompetitor,56,21.76
2024Q2,Spain,E-Series,28,13.46
2024Q2,Spain,Hybrid,20,8.75
2024Q2,Spain,AutonomousEV,7,3.5
2024Q2,Spain,LegacyDiesel,119,51.25
2024Q2,Spain,OtherCompetitor,56,23.04
2024Q2,Italy,E-Series,36,14.74
2024Q2,Italy,Hybrid,23,8.75
2024Q2,Italy,AutonomousEV,8,3.5
2024Q2,Italy,LegacyDiesel,131,51.25
2024Q2,Italy,OtherCompetitor,61,21.76
2024Q2,Netherlands,E-Series,57,21.15
2024Q2,Netherlands,Hybrid,19,8.75
2024Q2,Netherlands,AutonomousEV,9,3.5
2024Q2,Netherlands,LegacyDiesel,113,51.25
2024Q2,Netherlands,OtherCompetitor,36,15.35
2024Q2,UnitedKingdom,E-Series,74,19.87
2024Q2,UnitedKingdom,Hybrid,26,8.75
2024Q2,UnitedKingdom,AutonomousEV,12,3.5
2024Q2,UnitedKingdom,LegacyDiesel,182,51.25
2024Q2,UnitedKingdom,OtherCompetitor,55,16.63
2024Q2,Sweden,E-Series,36,17.3
2024Q2,Sweden,Hybrid,19,8.75
2024Q2,Sweden,AutonomousEV,7,3.5
2024Q2,Sweden,LegacyDiesel,108,51.25
2024Q2,Sweden,OtherCompetitor,37,19.2
2024Q3,Germany,E-Series,64,20.35
2024Q3,Germany,Hybrid,28,8.9
2024Q3,Germany,AutonomousEV,12,3.6
2024Q3,Germany,LegacyDiesel,166,50.5
2024Q3,Germany,OtherCompetitor,52,16.65
2024Q3,France,E-Series,49,19.04
2024Q3,France,Hybrid,27,8.9
2024Q3,France,AutonomousEV,10,3.6
2024Q3,France,LegacyDiesel,153,50.5
2024Q3,France,OtherCompetitor,46,17.96
2024Q3,Poland,E-Series,36,15.1
2024Q3,Poland,Hybrid,24,8.9
2024Q3,Poland,AutonomousEV,7,3.6
2024Q3,Poland,LegacyDiesel,124,50.5
2024Q3,Poland,OtherCompetitor,60,21.9
2024Q3,Spain,E-Series,30,13.79
2024Q3,Spain,Hybrid,20,8.9
2024Q3,Spain,AutonomousEV,7,3.6
2024Q3,Spain,LegacyDiesel,118,50.5
2024Q3,Spain,OtherCompetitor,52,23.21
2024Q3,Italy,E-Series,33,15.1
2024Q3,Italy,Hybrid,16,8.9
2024Q3,Italy,AutonomousEV,9,3.6
2024Q3,Italy,LegacyDiesel,113,50.5
2024Q3,Italy,OtherCompetitor,53,21.9
2024Q3,Netherlands,E-Series,48,21.66
2024Q3,Netherlands,Hybrid,20,8.9
2024Q3,Netherlands,AutonomousEV,7,3.6
2024Q3,Netherlands,LegacyDiesel,99,50.5
2024Q3,Netherlands,OtherCompetitor,27,15.34
2024Q3,UnitedKingdom,E-Series,65,20.35
2024Q3,UnitedKingdom,Hybrid,25,8.9
2024Q3,UnitedKingdom,AutonomousEV,10,3.6
2024Q3,UnitedKingdom,LegacyDiesel,159,50.5
2024Q3,UnitedKingdom,OtherCompetitor,51,16.65
2024Q3,Sweden,E-Series,31,17.72
2024Q3,Sweden,Hybrid,17,8.9
2024Q3,Sweden,AutonomousEV,6,3.6
2024Q3,Sweden,LegacyDiesel,86,50.5
2024Q3,Sweden,OtherCompetitor,31,19.28
2024Q4,Germany,E-Series,60,20.82
2024Q4,Germany,Hybrid,30,9.05
2024Q4,Germany,AutonomousEV,10,3.7
2024Q4,Germany,LegacyDiesel,142,49.75
2024Q4,Germany,OtherCompetitor,43,16.68
2024Q4,France,E-Series,50,19.48
2024Q4,France,Hybrid,26,9.05
2024Q4,France,AutonomousEV,9,3.7
2024Q4,France,LegacyDiesel,131,49.75
2024Q4,France,OtherCompetitor,43,18.02
2024Q4,Poland,E-Series,40,15.45
2024Q4,Poland,Hybrid,20,9.05
2024Q4,Poland,AutonomousEV,8,3.7
2024Q4,Poland,LegacyDiesel,107,49.75
2024Q4,Poland,OtherCompetitor,57,22.05
2024Q4,Spain,E-Series,25,14.11
2024Q4,Spain,Hybrid,16,9.05
2024Q4,Spain,AutonomousEV,6,3.7
2024Q4,Spain,LegacyDiesel,87,49.75
2024Q4,Spain,OtherCompetitor,48,23.39
2024Q4,Italy,E-Series,34,15.45
2024Q4,Italy,Hybrid,15,9.05
2024Q4,Italy,AutonomousEV,8,3.7
2024Q4,Italy,LegacyDiesel,90,49.75
2024Q4,Italy,OtherCompetitor,42,22.05
2024Q4,Netherlands,E-Series,38,22.17
2024Q4,Netherlands,Hybrid,15,9.05
2024Q4,Netherlands,AutonomousEV,6,3.7
2024Q4,Netherlands,LegacyDiesel,97,49.75
2024Q4,Netherlands,OtherCompetitor,28,15.33
2024Q4,UnitedKingdom,E-Series,56,20.82
2024Q4,UnitedKingdom,Hybrid,23,9.05
2024Q4,UnitedKingdom,AutonomousEV,9,3.7
2024Q4,UnitedKingdom,LegacyDiesel,125,49.75
2024Q4,UnitedKingdom,OtherCompetitor,46,16.68
2024Q4,Sweden,E-Series,27,18.14
2024Q4,Sweden,Hybrid,14,9.05
2024Q4,Sweden,AutonomousEV,6,3.7
2024Q4,Sweden,LegacyDiesel,88,49.75
2024Q4,Sweden,OtherCompetitor,33,19.36
2025Q1,Germany,E-Series,59,21.3
2025Q1,Germany,Hybrid,31,9.2
2025Q1,Germany,AutonomousEV,10,3.8
2025Q1,Germany,LegacyDiesel,162,49.0
2025Q1,Germany,OtherCompetitor,55,16.7
2025Q1,France,E-Series,62,19.92
2025Q1,France,Hybrid,30,9.2
2025Q1,France,AutonomousEV,11,3.8
2025Q1,France,LegacyDiesel,170,49.0
2025Q1,France,OtherCompetitor,55,18.08
2025Q1,Poland,E-Series,33,15.8
2025Q1,Poland,Hybrid,24,9.2
2025Q1,Poland,AutonomousEV,9,3.8
2025Q1,Poland,LegacyDiesel,107,49.0
2025Q1,Poland,OtherCompetitor,56,22.2
2025Q1,Spain,E-Series,30,14.42
2025Q1,Spain,Hybrid,19,9.2
2025Q1,Spain,AutonomousEV,9,3.8
2025Q1,Spain,LegacyDiesel,94,49.0
2025Q1,Spain,OtherCompetitor,51,23.58
2025Q1,Italy,E-Series,34,15.8
2025Q1,Italy,Hybrid,21,9.2
2025Q1,Italy,AutonomousEV,8,3.8
2025Q1,Italy,LegacyDiesel,121,49.0
2025Q1,Italy,OtherCompetitor,45,22.2
2025Q1,Netherlands,E-Series,43,22.67
2025Q1,Netherlands,Hybrid,20,9.2
2025Q1,Netherlands,AutonomousEV,7,3.8
2025Q1,Netherlands,LegacyDiesel,102,49.0
2025Q1,Netherlands,OtherCompetitor,34,15.33
2025Q1,UnitedKingdom,E-Series,68,21.3
2025Q1,UnitedKingdom,Hybrid,24,9.2
2025Q1,UnitedKingdom,AutonomousEV,12,3.8
2025Q1,UnitedKingdom,LegacyDiesel,155,49.0
2025Q1,UnitedKingdom,OtherCompetitor,60,16.7
2025Q1,Sweden,E-Series,37,18.55
2025Q1,Sweden,Hybrid,17,9.2
2025Q1,Sweden,AutonomousEV,7,3.8
2025Q1,Sweden,LegacyDiesel,75,49.0
2025Q1,Sweden,OtherCompetitor,38,19.45
2025Q2,Germany,E-Series,71,21.76
2025Q2,Germany,Hybrid,34,9.35
2025Q2,Germany,AutonomousEV,14,3.9
2025Q2,Germany,LegacyDiesel,188,48.25
2025Q2,Germany,OtherCompetitor,72,16.74
2025Q2,France,E-Series,69,20.35
2025Q2,France,Hybrid,33,9.35
2025Q2,France,AutonomousEV,13,3.9
2025Q2,France,LegacyDiesel,158,48.25
2025Q2,France,OtherCompetitor,61,18.15
2025Q2,Poland,E-Series,48,16.13
2025Q2,Poland,Hybrid,30,9.35
2025Q2,Poland,AutonomousEV,10,3.9
2025Q2,Poland,LegacyDiesel,153,48.25
2025Q2,Poland,OtherCompetitor,69,22.37
2025Q2,Spain,E-Series,36,14.73
2025Q2,Spain,Hybrid,22,9.35
2025Q2,Spain,AutonomousEV,9,3.9
2025Q2,Spain,LegacyDiesel,116,48.25
2025Q2,Spain,OtherCompetitor,60,23.77
2025Q2,Italy,E-Series,42,16.13
2025Q2,Italy,Hybrid,25,9.35
2025Q2,Italy,AutonomousEV,9,3.9
2025Q2,Italy,LegacyDiesel,116,48.25
2025Q2,Italy,OtherCompetitor,62,22.37
2025Q2,Netherlands,E-Series,46,23.17
2025Q2,Netherlands,Hybrid,22,9.35
2025Q2,Netherlands,AutonomousEV,7,3.9
2025Q2,Netherlands,LegacyDiesel,118,48.25
2025Q2,Netherlands,OtherCompetitor,36,15.33
2025Q2,UnitedKingdom,E-Series,70,21.76
2025Q2,UnitedKingdom,Hybrid,32,9.35
2025Q2,UnitedKingdom,AutonomousEV,13,3.9
2025Q2,UnitedKingdom,LegacyDiesel,152,48.25
2025Q2,UnitedKingdom,OtherCompetitor,46,16.74
2025Q2,Sweden,E-Series,37,18.95
2025Q2,Sweden,Hybrid,19,9.35
2025Q2,Sweden,AutonomousEV,7,3.9
2025Q2,Sweden,LegacyDiesel,101,48.25
2025Q2,Sweden,OtherCompetitor,45,19.55
